City_ID,City,Lat,Lng,Max Temp,Humidity,Cloudiness,Wind Speed,Country,Date
0,bilibino,68.0546,166.4372,271.55,82,80,0.98,RU,1683828275
1,puerto natales,-51.7236,-72.4875,285.4,58,75,1.54,CL,1683828156
2,port-aux-francais,-49.35,70.2167,280.66,92,100,18.57,TF,1683828293
3,ilulissat,69.2167,-51.1,271.16,80,75,8.75,GL,1683828293
4,touros,-5.1989,-35.4608,302.05,65,33,5.08,BR,1683828293
5,sai kung,22.3822,114.2728,298.28,76,99,2.9,CN,1683828294
6,hawaiian paradise park,19.5933,-154.9731,297.61,88,0,1.54,US,1683828281
7,thompson,55.7435,-97.8558,288.24,51,75,2.06,CA,1683828294
8,kolomyia,48.5306,25.0403,281.5,84,29,3.3,UA,1683828294
9,morant bay,17.8815,-76.4093,306.32,60,9,6.0,JM,1683828295
10,melfi,40.9965,15.6514,285.41,85,21,3.14,IT,1683828295
11,invercargill,-46.4,168.35,281.49,95,78,1.34,NZ,1683828295
12,waitangi,-43.9535,-176.5597,281.94,54,72,9.75,NZ,1683828295
13,qaqortoq,60.7167,-46.0333,275.79,87,100,1.1,GL,1683828296
14,rongelap,11.1635,166.8941,300.51,82,96,7.32,MH,1683827996
15,adamstown,-25.066,-130.1015,294.63,55,94,8.83,PN,1683828296
16,nadym,65.5333,72.5167,264.38,91,87,2.8,RU,1683828296
17,ribeira grande,38.5167,-28.7,294.37,60,20,5.36,PT,1683828296
18,westport,41.1415,-73.3579,300.87,33,0,7.2,US,1683828158
19,ambovombe,-25.1667,46.0833,296.93,75,97,0.72,MG,1683828297
20,mount isa,-20.7333,139.5,286.02,47,0,4.12,AU,1683828297
21,sakaiminato,35.55,133.2333,285.14,71,20,3.09,JP,1683828297
22,keflavik,64.0049,-22.5624,283.1,87,100,10.29,IS,1683828280
23,fuyuan,46.4333,127.0833,286.15,35,100,3.74,CN,1683828297
24,trincomalee,8.5711,81.2335,300.91,82,100,10.38,LK,1683828297
25,belmonte,-15.8631,-38.8828,300.35,70,47,4.33,BR,1683828298
26,dudinka,69.4058,86.1778,257.94,96,19,5.37,RU,1683828298
27,viedma,-40.8135,-62.9967,293.43,28,7,8.33,AR,1683828298
28,rio grande,-32.035,-52.0986,292.21,69,67,5.32,BR,1683828298
29,albany,42.6001,-73.9662,299.14,32,7,0.89,US,1683828237
30,st. john's,47.5649,-52.7093,285.53,39,40,8.23,CA,1683828298
31,anadyr,64.75,177.4833,272.43,80,0,4.0,RU,1683828299
32,jhang sadr,31.2715,72.3284,305.43,12,81,3.08,PK,1683828299
33,edinburgh of the seven seas,-37.0676,-12.3116,289.9,77,88,10.18,SH,1683828299
34,uturoa,-16.7333,-151.4333,300.14,81,100,6.73,PF,1683828299
35,gambiran satu,-8.3939,114.1464,297.69,97,96,1.77,ID,1683828299
36,saint-pierre,-21.3393,55.4781,297.97,73,0,2.57,RE,1683828299
37,tuburan,6.6439,122.2736,299.2,72,90,0.81,PH,1683828300
38,caburan,5.9181,125.6411,300.05,81,87,0.8,PH,1683828300
39,kingsville,27.5159,-97.8561,304.53,70,75,6.69,US,1683828300
40,ola,59.5833,151.2833,273.26,93,63,0.34,RU,1683828300
41,bardai,11.65,7.2333,303.07,37,95,2.51,NG,1683828300
42,puerto ayora,-0.7393,-90.3518,304.13,94,64,3.13,EC,1683828301
43,cambridge,43.3601,-80.3127,298.79,39,20,6.17,CA,1683828023
44,cruzeiro do sul,-29.5128,-51.9853,292.86,57,57,1.99,BR,1683828301
45,port mathurin,-19.6833,63.4167,298.55,77,72,9.34,MU,1683828301
46,east london,-33.0153,27.9116,290.67,82,0,4.12,ZA,1683828301
47,west island,-12.1568,96.8225,302.14,79,40,5.66,CC,1683828302
48,obo,5.3998,26.4869,295.68,88,80,1.55,CF,1683828302
49,grytviken,-54.2811,-36.5092,270.11,79,27,4.95,GS,1683828302
50,yellowknife,62.456,-114.3525,290.44,34,40,5.66,CA,1683828302
51,vorgashor,67.5833,63.95,265.12,96,98,1.73,RU,1683828303
52,acapulco de juarez,16.8634,-99.8901,305.05,62,75,4.12,MX,1683828226
53,curitibanos,-27.2828,-50.5844,289.06,39,3,2.39,BR,1683828303
54,ta`u,-14.2336,-169.5144,300.71,78,41,4.66,AS,1683828303
55,blackmans bay,-43.0167,147.3167,282.22,90,100,2.92,AU,1683828303
56,phongsali,21.6833,102.1058,289.45,93,84,0.37,LA,1683828304
57,juneau,58.3019,-134.4197,285.15,84,100,5.66,US,1683828294
58,klyuchi,52.2667,79.1667,285.21,60,28,5.42,RU,1683828304
59,tete,-16.1564,33.5867,297.12,60,0,2.57,MZ,1683828305
60,chonchi,-42.6128,-73.8092,288.77,84,100,1.14,CL,1683828305
61,jamestown,42.097,-79.2353,297.88,37,0,3.09,US,1683828151
62,afaahiti,-17.75,-149.2833,298.08,93,100,11.89,PF,1683828305
63,san vicente,-26.6167,-54.1333,293.14,35,0,2.28,AR,1683828306
64,kamen'-na-obi,53.7884,81.3423,281.88,73,7,4.93,RU,1683828306
65,weno,7.4515,151.8468,301.63,79,97,4.16,FM,1683828306
66,aykhal,66.0,111.5,272.23,93,100,8.72,RU,1683828306
67,coahuayana de hidalgo,18.7,-103.6583,305.99,47,30,3.37,MX,1683828307
68,horta,38.5333,-28.6333,293.95,72,20,5.36,PT,1683828307
69,bethel,41.3712,-73.414,300.17,33,2,0.89,US,1683828155
70,kasson,44.03,-92.7507,294.28,91,0,7.2,US,1683828307
71,olonkinbyen,70.9221,-8.7187,272.63,86,95,4.04,SJ,1683828307
72,nemuro,43.3236,145.575,276.19,82,14,5.3,JP,1683828312
73,sirsi,14.6167,74.85,297.33,92,100,1.84,IN,1683828313
74,holualoa,19.6228,-155.9522,296.36,79,68,0.89,US,1683828047
75,lazaro cardenas,17.9583,-102.2,303.93,57,69,4.12,MX,1683828313
76,kailua-kona,19.6406,-155.9956,298.43,79,66,0.89,US,1683828116
77,stanley,54.868,-1.6985,287.33,76,20,3.09,GB,1683828187
78,hede,33.7681,120.2517,288.4,57,86,2.03,CN,1683828313
79,kristiansund,63.1115,7.732,284.18,81,75,2.06,NO,1683828314
80,carnarvon,-24.8667,113.6333,295.25,55,0,5.66,AU,1683828305
81,la passe,45.5549,-0.8967,288.72,70,16,5.56,FR,1683828314
82,bubaque,11.2833,-15.8333,299.72,71,52,7.15,GW,1683828055
83,ushuaia,-54.8,-68.3,279.96,81,75,1.03,AR,1683828254
84,ust-nera,64.5667,143.2,272.63,89,98,2.04,RU,1683828301
85,tazovsky,67.4667,78.7,254.42,100,36,3.38,RU,1683828315
86,oranjemund,-28.55,16.4333,287.44,89,100,6.84,NA,1683828274
87,linz,48.3064,14.2861,286.68,86,75,5.66,AT,1683828316
88,kangding,30.0513,101.9603,275.98,97,97,1.13,CN,1683828316
89,enewetak,11.3474,162.3373,300.6,84,94,6.23,MH,1683828316
90,bredasdorp,-34.5322,20.0403,286.49,65,100,5.18,ZA,1683828316
91,kingscliff,-28.2667,153.5667,289.13,82,40,3.09,AU,1683828277
92,shalkar,47.8288,59.6258,294.46,39,91,4.34,KZ,1683828317
93,wuchang,44.9143,127.15,284.34,42,100,3.02,CN,1683828317
94,badger,64.8,-147.5333,285.93,50,75,2.57,US,1683828318
95,thisted,56.9552,8.6949,287.7,90,100,3.43,DK,1683828318
96,cuajinicuilapa,16.4667,-98.4167,307.92,40,10,4.43,MX,1683828318
97,piacabucu,-10.4056,-36.4344,301.79,70,55,4.76,BR,1683828318
98,isafjordur,66.0755,-23.124,283.17,71,75,4.12,IS,1683828319
99,port saint john's,-31.6229,29.5448,294.46,85,37,5.59,ZA,1683828319
100,labrador city,52.9463,-66.9114,284.1,30,0,4.12,CA,1683828319
101,chadron,42.8294,-102.9999,293.01,62,100,2.68,US,1683828319
102,kununurra,-15.7667,128.7333,293.14,34,4,3.09,AU,1683828319
103,aasiaat,68.7098,-52.8699,270.52,74,100,0.96,GL,1683828320
104,punta arenas,-53.15,-70.9167,281.21,76,0,6.69,CL,1683828320
105,kill devil hills,36.0307,-75.676,296.16,50,0,5.14,US,1683828320
106,bafra,41.5678,35.9069,283.48,83,97,1.57,TR,1683828321
107,lompoc,34.6391,-120.4579,292.38,70,44,3.58,US,1683828321
108,tual,-5.6667,132.75,300.57,84,100,8.14,ID,1683828321
109,kerikeri,-35.2268,173.9474,279.77,94,5,1.91,NZ,1683828321
110,udachny,66.4167,112.4,273.4,92,100,5.61,RU,1683828292
111,tralee,52.2704,-9.7026,286.29,82,100,6.69,IE,1683828322
112,beyneu,45.3167,55.2,300.13,25,31,1.91,KZ,1683828322
113,bel ombre,-4.6167,55.4167,301.06,78,20,3.6,SC,1683828322
114,tamanrasset,22.785,5.5228,303.1,10,0,2.57,DZ,1683828322
115,wailua homesteads,22.0669,-159.378,297.39,89,100,3.6,US,1683828254
116,radymno,49.9472,22.8238,284.19,70,25,5.82,PL,1683828323
117,changyon,38.2508,125.0961,286.45,45,100,1.38,KP,1683828323
118,avarua,-21.2078,-159.775,298.18,73,40,5.66,CK,1683828323
119,atafu village,-8.5421,-172.5159,302.09,76,73,6.45,TK,1683828323
120,kolonia,50.9333,6.95,289.03,85,20,2.57,DE,1683828131
121,iqaluit,63.7506,-68.5145,270.0,73,20,5.66,CA,1683828271
122,kingston,17.997,-76.7936,306.06,65,20,10.8,JM,1683828046
123,farah,32.5,62.5,300.29,18,0,2.64,AF,1683828324
124,gubkinskiy,64.434,76.5026,262.38,92,11,4.14,RU,1683828324
125,tangalle,6.024,80.7911,299.02,90,100,6.97,LK,1683828324
126,kalevala,65.2,31.1667,277.66,99,80,2.11,RU,1683828324
127,tiksi,71.6872,128.8694,261.35,82,82,9.56,RU,1683828271
128,polyarnyy,69.1989,33.4478,276.61,99,100,2.17,RU,1683828325
129,williamsport,41.2412,-77.0011,299.47,36,83,0.89,US,1683828075
130,la'ie,21.6477,-157.9253,296.54,87,37,3.58,US,1683828325
131,korla,41.7597,86.1469,292.53,18,53,2.8,CN,1683828325
132,yarmouth,41.7057,-70.2286,299.9,46,0,7.2,US,1683828325
133,midvagur,62.0511,-7.1939,284.61,71,100,3.09,FO,1683828325
134,hamilton,39.1834,-84.5333,301.49,37,0,2.06,US,1683828245
135,quellon,-43.1167,-73.6167,287.29,94,100,1.03,CL,1683828155
136,aripuana,-9.1667,-60.6333,305.16,47,98,0.96,BR,1683828326
137,fale old settlement,-9.3852,-171.2468,301.93,77,15,6.57,TK,1683828326
138,hithadhoo,-0.6,73.0833,301.47,79,100,6.5,MV,1683828300
139,nyurba,63.2842,118.3319,271.35,70,4,1.54,RU,1683828326
140,prince rupert,54.3161,-130.3201,285.2,65,100,5.66,CA,1683828038
141,lebu,-37.6167,-73.65,288.99,78,72,3.42,CL,1683828282
142,nelson bay,-32.7167,152.15,288.15,97,5,2.68,AU,1683828327
143,acarau,-2.8856,-40.12,302.17,72,48,4.19,BR,1683828290
144,agat village,13.3886,144.6585,300.67,92,40,1.54,GU,1683828327
145,hermanus,-34.4187,19.2345,285.26,66,100,6.19,ZA,1683828327
146,cabo san lucas,22.8909,-109.9124,303.49,29,1,5.85,MX,1683828031
147,sajir,25.1825,44.5996,307.33,12,92,3.16,SA,1683828327
148,whitehorse,60.7161,-135.0538,285.43,45,40,5.14,CA,1683828084
149,porto novo,6.4965,2.6036,304.05,77,84,3.59,BJ,1683828307
150,piton saint-leu,-21.2196,55.3151,296.21,73,0,2.57,RE,1683828328
151,nguigmi,14.2495,13.1092,302.51,24,100,1.1,NE,1683828328
152,yuzhno-kurilsk,44.0306,145.8556,275.95,88,12,4.38,RU,1683828328
153,olinda,-8.0089,-34.8553,302.0,61,20,3.6,BR,1683828328
154,san patricio,28.017,-97.5169,304.07,64,53,7.15,US,1683828328
155,al majaridah,19.1236,41.9111,305.19,49,17,0.86,SA,1683828329
156,severo-yeniseyskiy,60.3725,93.0408,273.74,82,100,0.74,RU,1683828329
157,sinabang,2.4803,96.3801,300.97,84,97,4.15,ID,1683828285
158,pontes e lacerda,-15.2261,-59.3353,301.23,65,99,2.29,BR,1683828329
159,tolanaro,-25.0319,46.9987,297.19,83,20,7.2,MG,1683828329
160,nar'yan-mar,67.6713,53.087,273.36,99,100,5.27,RU,1683828330
161,mola di bari,41.0609,17.0873,292.36,75,71,5.21,IT,1683828330
162,utrik,11.2278,169.8474,300.42,81,95,8.1,MH,1683828330
163,kaka,37.3482,59.6143,297.02,45,8,2.12,TM,1683828330
164,vadso,70.0744,29.7487,282.64,76,0,2.06,NO,1683828330
165,shingu,33.7333,135.9833,285.07,46,98,2.43,JP,1683828331
166,nuuk,64.1835,-51.7216,276.49,93,75,5.14,GL,1683828331
167,surin,14.8818,103.4936,301.43,99,81,2.13,TH,1683828331
168,port elizabeth,-33.918,25.5701,291.31,97,100,3.09,ZA,1683828221
169,longyearbyen,78.2186,15.6401,272.06,80,75,6.69,SJ,1683828331
170,talnakh,69.4865,88.3972,257.71,86,19,5.85,RU,1683828326
171,port lincoln,-34.7333,135.8667,287.67,70,87,5.09,AU,1683828331
172,luwuk,-0.9516,122.7875,298.77,88,32,2.33,ID,1683828332
173,richards bay,-28.783,32.0377,293.31,89,0,3.16,ZA,1683828332
174,nova sintra,14.8667,-24.7167,293.21,82,5,7.42,CV,1683828286
175,marsa alam,25.0757,34.8918,300.27,57,0,4.46,EG,1683828332
176,tura,25.5198,90.2201,298.98,51,52,1.98,IN,1683828321
177,warrenton,-28.114,24.8475,291.31,27,24,2.52,ZA,1683828332
178,crixas,-14.5489,-49.9692,305.41,37,95,2.0,BR,1683828332
179,tsiombe,-25.3,45.4833,295.89,87,92,1.26,MG,1683828333
180,nakamura,32.9833,132.9333,286.02,67,56,1.2,JP,1683828333
181,karratha,-20.7377,116.8463,296.53,43,10,3.23,AU,1683828333
182,bonthe,7.5264,-12.505,302.51,68,94,4.38,SL,1683828333
183,aljezur,37.3191,-8.8033,291.94,60,4,8.36,PT,1683828320
184,cidreira,-30.1811,-50.2056,290.8,67,53,6.87,BR,1683828334
185,groningen,53.25,6.75,286.56,88,40,3.6,NL,1683828156
186,tuchola,53.5879,17.8591,286.36,62,10,4.02,PL,1683828334
187,minas de marcona,-15.2119,-75.1103,293.46,58,69,4.84,PE,1683828334
188,mana,5.6592,-53.7767,296.97,96,100,1.4,GF,1683828334
189,joshimath,30.5667,79.5667,286.0,29,15,4.5,IN,1683828334
190,al jawf,29.5,38.75,303.1,9,1,4.47,SA,1683828334
191,ende,-8.8432,121.6623,298.7,88,83,4.16,ID,1683828335
192,magdagachi,53.45,125.8,286.52,35,100,5.11,RU,1683828335
193,portland,45.5234,-122.6762,293.73,60,44,0.89,US,1683828083
194,san carlos,9.6612,-68.5827,308.71,33,81,2.72,VE,1683828335
195,kez,57.8979,53.7152,279.86,59,68,2.4,RU,1683828335
196,barranca,-10.75,-77.7667,297.23,73,99,4.6,PE,1683828335
197,ancud,-41.8697,-73.8203,286.78,91,100,3.75,CL,1683828336
198,sherwood park,53.5168,-113.3187,294.43,46,75,1.54,CA,1683828336
199,smithers,54.7804,-127.1743,284.33,50,40,1.03,CA,1683828159
200,taro,-8.3862,115.28,297.15,97,92,1.53,ID,1683828336
201,coari,-4.085,-63.1414,297.36,94,100,0.78,BR,1683828336
202,luderitz,-26.6481,15.1594,289.52,68,100,8.03,NA,1683828336
203,ziro,27.6333,93.8333,282.68,92,44,1.78,IN,1683828340
204,petropavlovsk-kamchatsky,53.0452,158.6483,273.48,93,75,1.0,RU,1683828280
205,havre,49.5833,0.3333,286.67,82,40,3.09,FR,1683828345
206,al qaryatayn,34.2296,37.2407,299.82,22,59,9.32,SY,1683828345
207,tan-tan,28.438,-11.1032,295.12,68,0,9.26,MA,1683828345
208,kodiak,57.79,-152.4072,278.88,81,100,4.63,US,1683828277
209,banda aceh,5.5577,95.3222,300.33,79,99,1.5,ID,1683828346
210,lihue,21.9789,-159.3672,297.73,88,100,3.6,US,1683828346
211,brisas de zicatela,15.8369,-97.0419,304.34,62,38,5.31,MX,1683828346
212,sampit,-2.5333,112.95,297.8,98,32,1.31,ID,1683828346
213,la sarre,48.8002,-79.1996,292.66,49,52,4.3,CA,1683828346
214,grantsville,40.5999,-112.4644,291.86,34,0,3.13,US,1683828347
215,colonia,50.9333,6.95,288.87,85,20,1.54,DE,1683828346
216,porto belo,-27.1578,-48.5531,297.48,58,20,4.59,BR,1683828347
217,codrington,-38.2667,141.9667,283.84,79,100,2.8,AU,1683828347
218,bojia,26.4672,111.9681,288.26,92,88,0.79,CN,1683828347
219,iskateley,67.6803,53.1512,273.31,99,100,5.26,RU,1683828348
220,howrah,22.5892,88.3103,303.15,79,20,5.14,IN,1683828348
221,kapuskasing,49.4169,-82.4331,294.2,43,75,6.69,CA,1683828348
222,kruisfontein,-34.0033,24.7314,289.2,86,91,7.54,ZA,1683828348
223,shagonar,51.5333,92.8,283.1,66,98,0.61,RU,1683828276
224,kourou,5.1552,-52.6478,298.18,85,77,3.51,GF,1683828348
225,hammerfest,70.6634,23.6821,280.4,100,75,1.54,NO,1683828329
226,aswan,24.0934,32.907,311.76,7,0,5.66,EG,1683828349
227,iwon-up,40.3231,128.6553,284.01,88,84,1.74,KP,1683828349
228,saint-francois,46.4154,3.9054,285.84,71,96,2.57,FR,1683828349
229,konstantinovka,49.6167,127.9833,285.05,39,71,2.6,RU,1683828349
230,bata,1.8639,9.7658,300.61,82,58,1.96,GQ,1683828349
231,safi,32.1667,-8.8333,296.42,34,26,8.52,MA,1683828349
232,kavaratti,10.5669,72.642,302.64,72,80,2.0,IN,1683828350
233,guerrero negro,27.9769,-114.0611,290.42,64,99,9.2,MX,1683828350
234,olyokminsk,60.3736,120.4264,273.84,74,100,1.11,RU,1683828350
235,as sulayyil,20.4607,45.5779,306.29,13,90,4.61,SA,1683828350
236,nadi,-17.8,177.4167,295.15,88,20,3.09,FJ,1683828350
237,georgetown,5.4112,100.3354,304.12,84,20,1.03,MY,1683828299
238,roma,43.2128,-75.4557,297.09,44,9,2.68,US,1683827595
239,sogndal,61.2283,7.1003,288.36,58,75,1.03,NO,1683828351
240,aldan,58.6031,125.3894,270.63,98,100,3.72,RU,1683828351
241,sinan,34.8262,126.1086,287.21,81,89,2.18,KR,1683828351
242,maralal,1.0968,36.698,289.38,76,78,3.24,KE,1683828351
243,batticaloa,7.7102,81.6924,300.66,82,100,2.69,LK,1683828351
244,beolgyo,34.8449,127.3429,286.73,74,90,0.89,KR,1683828352
245,college,64.8569,-147.8028,285.98,53,75,2.57,US,1683828352
246,zykovo,55.9519,93.1461,283.56,58,100,1.87,RU,1683828352
247,winnemucca,40.973,-117.7357,291.18,29,0,2.06,US,1683828352
248,saint-joseph,-21.3667,55.6167,297.36,79,70,5.38,RE,1683828352
249,findlay,41.0442,-83.6499,299.91,33,0,3.6,US,1683828126
250,broome,42.2506,-75.833,298.15,37,0,4.63,US,1683828352
251,hilo,19.7297,-155.09,299.97,74,0,1.54,US,1683828353
252,papatowai,-46.5619,169.4708,283.74,86,91,6.3,NZ,1683828353
253,constantia,44.1833,28.65,282.53,67,76,4.62,RO,1683828099
254,mejit,10.2753,170.8646,300.61,80,100,7.64,MH,1683828055
255,harper,4.375,-7.7169,301.94,78,22,3.48,LR,1683828082
256,laguna,38.421,-121.4238,293.39,63,0,3.09,US,1683828353
257,uiju,40.1994,124.5317,286.66,62,100,1.36,KP,1683828353
258,port augusta,-32.5,137.7667,285.36,53,65,1.63,AU,1683828354
259,taltal,-25.4,-70.4833,292.85,70,37,2.2,CL,1683828119
260,alaghsas,17.0187,8.0168,310.09,16,54,7.2,NE,1683828354
261,kenai,60.5544,-151.2583,284.2,50,20,6.69,US,1683828354
262,bathsheba,13.2167,-59.5167,303.49,70,40,5.66,BB,1683828354
263,san agustin de valle fertil,-30.6335,-67.4682,293.95,49,79,3.63,AR,1683828354
264,new norfolk,-42.7826,147.0587,282.87,69,100,0.89,AU,1683828294
265,bikenibeu village,1.3673,173.1241,301.13,83,20,3.6,KI,1683828355
266,divnomorskoye,44.5011,38.1353,282.4,74,13,3.55,RU,1683828355
267,jinghong,21.991,100.7341,295.54,83,48,1.01,CN,1683828355
268,port alfred,-33.5906,26.891,289.92,88,91,0.89,ZA,1683828272
269,iskushuban,10.2837,50.23,302.64,63,100,7.12,SO,1683828355
270,taoudenni,22.6783,-3.9836,312.81,7,83,7.57,ML,1683828355
271,ailuk,10.2197,169.9797,300.65,82,93,7.57,MH,1683828356
272,sylvan lake,52.3168,-114.0853,289.29,53,0,1.54,CA,1683828356
273,saipan,15.1355,145.701,300.54,100,40,2.06,MP,1683828356
274,mumbwa,-14.9783,27.0619,290.26,44,1,1.69,ZM,1683828356
275,connell,46.6635,-118.8611,293.89,42,97,1.35,US,1683828356
276,susuman,62.7833,148.1667,271.42,92,83,0.4,RU,1683828356
277,weiser,44.251,-116.9693,294.26,48,63,0.89,US,1683828357
278,arica,-18.475,-70.3042,297.9,68,75,4.63,CL,1683828206
279,hirara,24.8,125.2833,294.07,73,20,2.57,JP,1683828357
280,le pouliguen,47.2697,-2.4278,288.12,77,27,6.85,FR,1683828362
281,malango,-2.9627,119.9001,293.22,99,100,0.79,ID,1683828363
282,yeed,4.55,43.0333,303.1,43,84,3.66,SO,1683828363
283,koulamoutou,-1.1303,12.4736,298.88,80,86,1.06,GA,1683828366
284,margaret river,-33.95,115.0667,284.09,75,13,3.57,AU,1683828302
285,nagar karnul,16.4821,78.3247,304.18,44,90,1.89,IN,1683828366
286,naze,28.3667,129.4833,292.66,63,71,3.44,JP,1683828367
287,visby,57.6409,18.296,287.27,41,0,1.54,SE,1683828367
288,arraial do cabo,-22.9661,-42.0278,296.13,78,75,3.09,BR,1683828372
289,feijo,-8.1642,-70.3536,305.83,46,66,1.25,BR,1683828372
290,kilindoni,-7.9139,39.6668,300.46,76,6,4.77,TZ,1683828372
291,egilsstadir,65.2653,-14.3948,286.1,58,0,8.23,IS,1683828372
292,alofi,-19.0595,-169.9187,298.09,94,26,3.09,NU,1683828373
293,vilyuchinsk,52.9306,158.4028,274.3,93,100,3.16,RU,1683828373
294,hadibu,12.65,54.0333,302.19,70,99,1.57,YE,1683828373
295,guanica,17.9716,-66.908,304.89,65,68,5.84,PR,1683828373
296,pindwara,24.8,73.0667,304.47,14,0,1.5,IN,1683828373
297,ocean shores,46.9737,-124.1563,291.69,74,0,4.12,US,1683828373
298,pagar alam,-4.0167,103.2667,294.82,98,89,0.64,ID,1683828374
299,hasaki,35.7333,140.8333,286.6,53,19,3.65,JP,1683828374
300,margherita,27.2833,95.6833,297.04,49,55,0.49,IN,1683828374
301,micheweni,-4.9667,39.8333,299.14,85,34,4.03,TZ,1683828366
302,shalqar,47.8333,59.6,294.46,39,90,4.34,KZ,1683828374
303,mili,6.0815,171.735,301.2,80,100,7.42,MH,1683828375
304,el quebrachal,-25.2833,-64.0667,299.11,36,0,2.67,AR,1683828375
305,juba,4.8517,31.5825,301.44,55,81,1.83,SS,1683828375
306,ciudad melchor muzquiz,27.8833,-101.5167,305.08,29,30,2.27,MX,1683828160
307,iquique,-20.2208,-70.1431,293.17,62,1,1.2,CL,1683828188
308,ciudad insurgentes,25.2625,-111.7753,296.22,36,8,8.1,MX,1683828375
309,marsh harbour,26.5412,-77.0636,298.91,67,5,5.83,BS,1683828333
310,willowmore,-33.2926,23.4895,285.16,80,92,5.48,ZA,1683828376
311,tanjung pandan,-2.75,107.65,298.95,92,64,2.88,ID,1683828376
312,magadan,59.5667,150.8,273.28,93,64,0.43,RU,1683828376
313,kimberley,-28.7323,24.7623,287.98,58,0,2.06,ZA,1683828141
314,krasnyy chikoy,50.3643,108.7512,273.53,90,35,1.17,RU,1683828376
315,kuusamo,65.9667,29.1833,286.17,38,0,3.09,FI,1683828376
316,cestos city,5.46,-9.5828,301.7,79,67,2.87,LR,1683828377
317,brokopondo,4.75,-55.1667,298.75,88,94,1.53,SR,1683828377
318,rudnyy,52.9594,63.1206,279.28,42,79,2.88,KZ,1683828212
319,daru,-9.0763,143.2092,298.63,94,100,6.85,PG,1683828377
320,igarka,67.4667,86.5833,258.75,84,13,8.03,RU,1683828377
321,san juan de miraflores,-12.1629,-76.9635,299.91,67,97,4.03,PE,1683828377
322,neftcala,39.3742,49.2472,288.62,81,31,11.04,AZ,1683828378
323,luanda,-8.8368,13.2343,301.15,86,20,4.63,AO,1683828188
324,serenje,-13.2325,30.2352,287.23,79,11,2.33,ZM,1683828378
325,queenstown,-31.8976,26.8753,285.69,64,53,1.86,ZA,1683828378
326,suntar,62.1444,117.6319,271.8,76,8,0.84,RU,1683828378
327,arkadak,51.9326,43.4978,281.79,92,100,5.39,RU,1683828379
328,salalah,17.0151,54.0924,303.2,62,0,1.54,OM,1683828354
329,al qadarif,14.0349,35.3834,308.31,8,41,2.77,SD,1683828379
330,riverside,33.7333,-116.0508,298.75,30,0,0.91,US,1683828009
331,carutapera,-1.195,-46.02,301.87,74,63,2.61,BR,1683828319
332,stonehaven,56.9637,-2.2118,283.84,92,68,5.09,GB,1683828379
333,haiku-pauwela,20.9219,-156.3051,298.17,74,20,2.57,US,1683828380
334,pisco,-13.7,-76.2167,294.27,83,100,2.57,PE,1683828380
335,walvis bay,-22.9575,14.5053,288.68,88,40,2.57,NA,1683828380
336,annau,37.8876,58.516,298.87,38,75,3.09,TM,1683828380
337,dunedin,-45.8742,170.5036,284.15,81,99,6.71,NZ,1683828380
338,kani keli,-12.9536,45.1033,299.74,72,7,0.89,YT,1683828343
339,conception bay south,47.4999,-52.9981,285.88,40,12,5.56,CA,1683828375
340,andergrove,-21.0833,149.1833,293.51,81,19,5.98,AU,1683828381
341,koscian,52.0883,16.6487,291.29,68,71,6.78,PL,1683828381
342,mogocha,53.7333,119.7667,281.68,84,100,1.74,RU,1683828381
343,wellington,-41.2866,174.7756,279.96,71,17,1.54,NZ,1683828127
344,ghanzi,-21.5667,21.7833,292.42,31,0,2.76,BW,1683828382
345,nizhnesortymskiy,62.4397,71.7603,267.73,77,9,3.56,RU,1683828382
346,akureyri,65.6835,-18.0878,290.11,45,20,5.14,IS,1683828382
347,sivagiri,9.3333,77.4333,300.79,79,100,3.33,IN,1683828382
348,kapit,2.0167,112.9333,297.14,95,38,0.17,MY,1683828382
349,niemodlin,50.642,17.6193,287.86,65,58,4.24,PL,1683828382
350,adamovka,51.5223,59.9396,283.9,67,42,4.06,RU,1683828383
351,vorkuta,67.5,64.0,263.86,98,98,1.66,RU,1683828280
352,alo,7.4178,6.7371,304.75,51,13,0.25,NG,1683828383
353,penha,-26.7694,-48.6458,295.08,53,20,2.57,BR,1683828228
354,yaren,-0.5472,166.916,301.58,75,90,5.68,NR,1683828384
355,carloforte,39.145,8.3058,290.13,62,17,4.97,IT,1683828385
356,newman,37.3138,-121.0208,292.72,61,7,1.34,US,1683828385
357,pader palwo,2.8006,33.135,293.62,88,93,1.03,UG,1683828385
358,pangai,-19.8,-174.35,298.21,94,20,1.03,TO,1683828386
359,yelanskiy,56.8419,62.5014,277.84,62,25,2.49,RU,1683828386
360,kargasok,59.0556,80.8572,275.64,63,80,6.24,RU,1683828348
361,reading,51.4562,-0.9711,289.43,56,40,5.66,GB,1683828386
362,kone,-21.0595,164.8658,294.89,79,100,2.27,NC,1683828386
363,soto la marina,23.7667,-98.2167,310.23,40,1,6.11,MX,1683828387
364,remire-montjoly,4.9167,-52.2667,298.17,94,100,3.6,GF,1683828387
365,dompierre-sur-mer,46.1882,-1.0635,288.1,67,20,7.72,FR,1683828387
366,nueva loja,0.0847,-76.8828,301.16,74,75,1.54,EC,1683828387
367,hobyo,5.3505,48.5268,300.63,84,96,10.61,SO,1683828387
368,kuantan,3.8077,103.326,301.21,88,20,1.03,MY,1683828388
369,island harbour,50.724,-1.2758,289.25,72,60,1.34,GB,1683828388
370,saint-philippe,-21.3585,55.7679,297.92,82,79,5.36,RE,1683828388
371,bangassou,4.7413,22.8184,298.04,65,73,1.49,CF,1683828388
372,aioun,16.6614,-9.6149,313.84,7,36,4.85,MR,1683828389
373,san luis,-33.295,-66.3356,295.95,39,75,3.19,AR,1683828389
374,chimore,-16.9833,-65.1333,302.88,49,100,1.55,BO,1683828389
375,al burayqah,30.4062,19.5739,292.8,83,0,8.44,LY,1683828389
376,san paolo di civitate,41.7383,15.2602,288.44,67,30,6.01,IT,1683828389
377,zhosaly,45.4878,64.0781,300.61,25,100,4.26,KZ,1683828389
378,eduardo castex,-35.915,-64.2945,295.14,34,21,5.61,AR,1683828390
379,petawawa,45.9001,-77.3328,298.03,28,40,2.57,CA,1683828390
380,al quwayrah,29.8004,35.3116,296.15,17,30,2.24,JO,1683828390
381,san luis de la loma,17.2706,-100.8939,304.61,53,42,4.03,MX,1683828390
382,hanceville,34.0607,-86.7675,298.96,83,92,3.83,US,1683828289
383,hassi messaoud,31.6804,6.0729,309.07,11,0,4.12,DZ,1683828373
384,sandwich,41.6459,-88.6217,301.12,28,0,4.63,US,1683828266
385,puerto colombia,10.9878,-74.9547,306.2,77,92,7.75,CO,1683828391
386,urupes,-21.2017,-49.29,301.78,42,76,4.66,BR,1683828391
387,port macquarie,-31.4333,152.9167,283.65,91,17,1.8,AU,1683828128
388,grand-lahou,5.1367,-5.0242,301.76,79,45,3.9,CI,1683828391
389,yanchep,-31.55,115.6833,284.42,55,4,4.02,AU,1683828391
390,glazov,58.1394,52.6584,280.38,63,12,2.44,RU,1683828391
391,puerto baquerizo moreno,-0.9,-89.6,301.7,84,40,6.17,EC,1683828189
392,mandera,3.9366,41.867,303.64,44,39,3.64,KE,1683828392
393,la jolla,32.8473,-117.2742,293.25,71,100,4.12,US,1683828275
394,hirado,33.3597,129.5531,287.81,74,48,3.26,JP,1683828392
395,wynyard,-41.0,145.7167,283.14,84,95,1.85,AU,1683828392
396,wau,7.7029,27.9953,301.36,52,96,1.94,SS,1683828393
397,kharkhorin,47.1975,102.8238,275.2,84,53,2.22,MN,1683828393
398,mo i rana,66.3128,14.1428,282.77,85,75,2.06,NO,1683828393
399,shenkursk,62.1091,42.896,285.57,64,100,1.64,RU,1683828393
400,shakiso,5.75,38.9167,288.3,97,61,0.31,ET,1683828393
401,namibe,-15.1961,12.1522,296.56,79,21,4.65,AO,1683828393
402,gazipasa,36.2694,32.3179,294.2,78,75,3.09,TR,1683828394
403,progreso,21.2833,-89.6667,308.21,52,40,4.56,MX,1683828394
404,puerto rico,-26.796,-55.024,293.58,32,2,1.76,AR,1683828264
405,khorixas,-20.3667,14.9667,297.75,26,51,0.6,NA,1683828394
406,dawei,14.0833,98.2,299.05,91,23,1.08,MM,1683828394
407,santa terezinha,-29.9002,-50.0904,291.42,61,71,6.7,BR,1683828394
408,swift current,50.2834,-107.8014,289.6,55,0,2.06,CA,1683828394
409,tokar,18.4254,37.729,301.04,59,17,2.38,SD,1683828395
410,taulaga,-11.0553,-171.0883,301.58,71,38,6.32,AS,1683828395
411,mega,4.05,38.3,290.27,69,98,3.04,ET,1683828395
412,paratinga,-12.6906,-43.1842,307.43,29,76,1.1,BR,1683828395
413,lodja,-3.4833,23.4333,298.32,68,96,1.08,CD,1683828395
414,arba minch,6.0333,37.55,292.74,89,93,1.67,ET,1683828395
415,brilon,51.4,8.5833,285.35,99,100,0.88,DE,1683828329
416,fuxin,42.0156,121.6589,292.32,27,100,4.24,CN,1683828396
417,dalandzadgad,43.5708,104.425,280.94,72,34,8.26,MN,1683828370
418,buala,-8.145,159.5921,300.51,84,100,3.97,SB,1683828396
419,shaowu,27.3409,117.4831,290.14,97,100,1.25,CN,1683828396
420,kuressaare,58.2481,22.5039,289.12,44,84,1.03,EE,1683828396
421,abashiri,44.0213,144.2697,275.34,90,57,2.9,JP,1683828396
422,lejanias,3.5251,-74.0216,297.44,90,91,1.26,CO,1683828397
423,passos,-20.7189,-46.6097,298.92,55,87,3.61,BR,1683828397
424,semnan,35.5729,53.3971,297.07,25,84,1.61,IR,1683828397
425,balkanabat,39.5108,54.3671,298.73,37,0,2.25,TM,1683828397
426,saldanha,-33.0117,17.9442,288.18,63,100,9.76,ZA,1683828397
427,hotan,37.0997,79.9269,291.48,10,1,3.15,CN,1683828397
428,urucara,-2.5364,-57.76,298.17,95,100,1.16,BR,1683828397
429,puno,-15.8333,-70.0333,286.91,52,88,4.25,PE,1683828398
430,mahalapye,-23.1041,26.8142,293.16,36,0,2.26,BW,1683828398
431,revda,56.801,59.9303,278.33,77,56,2.07,RU,1683828398
432,gulu,2.7746,32.299,293.25,93,98,0.85,UG,1683828398
433,trenggalek,-8.05,111.7167,297.88,97,100,1.04,ID,1683828398
434,namtsy,62.7161,129.6658,270.76,58,100,3.89,RU,1683828403
435,talcahuano,-36.7167,-73.1167,291.97,63,0,5.14,CL,1683828404
436,antsiranana,-12.2787,49.2917,297.77,81,3,5.46,MG,1683828404
437,peterhof,59.8833,29.9,287.14,57,98,2.73,RU,1683828404
438,selfoss,63.9331,-20.9971,282.06,90,100,6.29,IS,1683828404
439,heber city,40.5069,-111.4132,289.83,36,100,6.17,US,1683828404
440,jayapura,-2.5333,140.7,297.81,88,100,1.06,ID,1683828405
441,acajutla,13.5928,-89.8275,303.7,62,7,3.81,SV,1683828405
442,timana,1.9714,-75.9312,299.4,62,87,2.16,CO,1683828405
443,port sudan,19.6175,37.2164,301.53,48,3,0.53,SD,1683828405
444,ouani,-12.1322,44.4258,300.17,74,16,1.47,KM,1683828405
445,moyynkum,44.2914,72.9469,297.4,20,99,3.07,KZ,1683828406
446,galeana,24.8333,-100.0667,300.05,26,1,0.53,MX,1683828406
447,guarapari,-20.6667,-40.4975,298.09,78,60,3.76,BR,1683828407
448,diego de almagro,-26.3667,-70.05,300.38,22,15,3.44,CL,1683828408
449,leshan,29.5623,103.7639,290.2,71,100,2.0,CN,1683828408
450,laayoune,27.1622,-13.2032,297.27,50,16,10.63,EH,1683828408
451,i-n-salah,27.1935,2.4607,308.75,10,4,4.35,DZ,1683828393
452,kayangel,8.0823,134.7173,302.02,72,91,1.95,PW,1683828409
453,lorengau,-2.0226,147.2712,300.13,81,100,2.3,PG,1683828409
454,sao vicente,-23.9631,-46.3919,301.25,26,16,0.89,BR,1683828409
455,newcastle,-32.9272,151.7765,287.99,94,1,0.45,AU,1683828410
456,sao miguel do araguaia,-13.275,-50.1628,305.51,38,93,1.32,BR,1683828404
457,kuta,-8.7233,115.1723,301.12,88,40,8.23,ID,1683828410
458,sisimiut,66.9395,-53.6735,271.87,82,100,6.99,GL,1683828401
459,tegal,-6.8694,109.1402,299.38,82,96,1.43,ID,1683828410
460,shuangjiang,26.1547,109.7138,285.26,98,35,1.44,CN,1683828410
461,semey,50.4111,80.2275,293.09,42,90,5.86,KZ,1683828411
462,rudbar,30.15,62.6,306.87,11,0,3.35,AF,1683828411
463,papao,-17.75,-149.55,298.97,92,100,13.41,PF,1683828411
464,al mutayrifi,25.4788,49.5576,304.62,26,20,3.84,SA,1683828411
465,dryden,49.7833,-92.7503,296.2,39,18,2.55,CA,1683828412
466,guiping,23.3925,110.0814,293.12,94,100,1.43,CN,1683828412
467,caleta de carquin,-11.0925,-77.6267,297.27,73,98,4.67,PE,1683828412
468,vila franca do campo,37.7167,-25.4333,291.38,89,78,2.84,PT,1683828412
469,kabalo,-6.05,26.9167,298.05,75,78,1.67,CD,1683828412
470,upington,-28.4478,21.2561,292.7,24,68,3.13,ZA,1683828413
471,haifa,32.8156,34.9892,299.98,73,0,2.06,IL,1683828413
472,chibougamau,49.9168,-74.3659,291.94,27,0,6.69,CA,1683828217
473,ust'-kut,56.7938,105.7672,273.38,70,52,1.74,RU,1683828413
474,muroto-misakicho,33.2833,134.15,290.74,59,75,3.76,JP,1683828413
475,ismailia,30.6043,32.2723,299.82,35,61,2.74,EG,1683828413
476,nuku'alofa,-21.1333,-175.2,298.76,80,58,4.74,TO,1683828414
477,tezu,27.9167,96.1667,297.14,34,38,2.39,IN,1683828414
478,urzhar,47.093,81.6294,292.63,29,100,2.02,KZ,1683828414
479,damghan,36.1683,54.348,296.45,31,56,2.7,IR,1683828414
480,itupiranga,-5.1347,-49.3267,304.33,49,95,1.31,BR,1683828414
481,kargopol',61.5071,38.9456,284.3,58,100,2.14,RU,1683828414
482,zhumadian,32.9794,114.0294,287.5,52,7,1.76,CN,1683828415
483,al bardiyah,31.7561,25.0865,291.51,85,9,5.04,LY,1683828415
484,ormara,25.2088,64.6357,301.61,76,0,7.21,PK,1683828415
485,kushk,33.2957,61.9522,298.47,19,0,3.19,AF,1683828415
486,palmer,42.1584,-72.3287,300.33,27,12,2.24,US,1683828415
487,fort st. john,56.2499,-120.8529,287.09,54,75,2.06,CA,1683828330
488,mount pearl,47.5166,-52.7813,285.55,38,13,3.58,CA,1683828416
489,argo,37.6333,22.7333,288.59,91,100,2.22,GR,1683828416
490,mayahi,13.9553,7.6712,305.26,36,97,7.14,NE,1683828416
491,duck lake,52.8168,-106.2344,292.32,39,97,2.17,CA,1683828416
492,wilhelmshaven,53.5167,8.1333,287.69,94,99,4.51,DE,1683828456
493,freetown,8.484,-13.2299,301.42,71,93,3.97,SL,1683828456
494,cockburn town,21.4612,-71.1419,300.04,76,45,4.68,TC,1683828353
495,dharmavaram,14.4333,77.7167,303.55,52,100,2.76,IN,1683828457
496,galvez,-32.0293,-61.221,293.4,42,79,2.15,AR,1683828457
497,jyvaskyla,62.2415,25.7209,291.34,25,0,3.09,FI,1683828457
498,juan griego,11.0817,-63.9655,308.22,46,45,7.2,VE,1683828457
499,burgersdorp,-30.9977,26.3286,287.98,38,60,2.11,ZA,1683828458
500,sabang,5.8933,95.3214,302.25,70,100,1.59,ID,1683828458
501,kapoeta,4.7717,33.5903,301.68,45,32,3.92,SS,1683828458
502,lerwick,60.1545,-1.1494,282.15,84,16,4.18,GB,1683828287
503,carbonear,47.7332,-53.2148,286.26,47,15,6.28,CA,1683828344
504,lewistown,40.5992,-77.5714,300.37,61,0,0.0,US,1683828459
505,xilin hot,43.9667,116.0333,281.59,74,99,4.99,CN,1683828415
506,palikir - national government center,6.9248,158.1611,300.92,78,48,3.87,FM,1683828460
507,luorong,24.4058,109.6086,290.66,88,90,2.78,CN,1683828460
508,calolbon,13.596,124.0991,300.14,79,49,2.12,PH,1683828465
509,neftegorsk,52.802,51.166,286.19,53,100,2.5,RU,1683828465
510,cobija,-11.0267,-68.7692,304.45,47,58,1.44,BO,1683828465
511,ayutla de los libres,16.9,-99.2167,307.57,40,13,3.21,MX,1683828466
512,wuzhou,23.4833,111.3167,291.64,94,100,1.1,CN,1683828466
513,qandala,11.472,49.8728,302.3,69,100,1.48,SO,1683828466
514,puerto aysen,-45.4,-72.7,285.17,82,100,4.12,CL,1683828466
515,cururupu,-1.8283,-44.8683,303.09,65,39,2.19,BR,1683828374
516,san rafael del sur,11.8485,-86.4384,308.88,39,16,2.46,NI,1683828466
517,ulladulla,-35.35,150.4667,284.49,72,0,3.05,AU,1683828467
518,kish,26.5578,54.0194,302.3,58,0,5.14,IR,1683828467
519,guiglo,6.5456,-7.4966,304.26,57,62,2.44,CI,1683828467
520,moose jaw,50.4001,-105.5344,288.3,67,100,2.57,CA,1683828406
521,ghadamis,30.1337,9.5007,301.47,17,0,4.28,LY,1683828467
522,labasa,-16.4167,179.3833,297.44,92,25,3.05,FJ,1683828467
523,happy valley-goose bay,53.3168,-60.3315,283.22,26,1,3.25,CA,1683828468
524,popondetta,-8.7537,148.2534,297.45,90,82,1.15,PG,1683828468
525,kiruna,67.8557,20.2251,279.66,70,0,5.66,SE,1683828468
526,kijang,35.2442,129.2139,286.92,70,40,3.03,KR,1683828468
527,pierre,44.3683,-100.351,296.96,59,75,5.66,US,1683828469
528,surazh,53.0175,32.3918,281.52,87,74,2.91,RU,1683828469
529,middlesboro,36.6084,-83.7166,302.15,50,75,0.0,US,1683828392
530,big spring,32.2504,-101.4787,303.28,10,0,7.72,US,1683828396
531,harlow,51.7766,0.1116,289.39,73,78,1.54,GB,1683828469
532,kazlu ruda,54.7667,23.5,289.14,63,41,3.2,LT,1683828427
533,santiago de cao,-7.9589,-79.2392,298.22,73,87,4.63,PE,1683828388
534,aral,40.5156,81.2636,293.3,8,11,4.39,CN,1683828470
535,hilton head island,32.2163,-80.7526,300.96,75,20,6.17,US,1683828470
536,south venice,27.0531,-82.4243,307.12,72,0,6.17,US,1683828439
537,arteche,12.2645,125.4048,299.35,83,87,1.76,PH,1683828395
538,nadvoitsy,63.8667,34.3167,284.33,65,69,1.86,RU,1683828470
539,camana,-16.6228,-72.7111,294.54,73,92,3.16,PE,1683828470
540,linqiong,30.4159,103.4609,290.98,54,100,3.61,CN,1683828471
541,uray,60.1247,64.7758,276.83,50,83,1.16,RU,1683828471
542,princeville,45.7668,-61.2985,288.45,44,0,4.63,CA,1683828364
543,zuunmod,47.7069,106.9528,272.72,80,60,3.89,MN,1683828471
544,crane,31.3974,-102.3501,300.44,10,0,6.76,US,1683828471
545,dongola,19.1667,30.4833,309.64,8,7,3.49,SD,1683828471
546,ciudad constitucion,25.0369,-111.6644,297.3,30,8,7.59,MX,1683828472
